scenario,seed,expected_class,predicted_class,mrm_triggered,detection_latency_s,safe_no_mrm_expected,safe_no_mrm_observed,standstill_reached,final_lateral_position_m,mec_length_bytes,prototype_can_verification
NORMAL_DRIVING,0,Normal,Normal,False,,True,True,False,0.0,0,False
CARDIAC_SYNCOPE,0,Syncope,Syncope,True,3.2,False,False,True,-7.0,76,True
EPILEPTIC_SEIZURE,0,Seizure,Seizure,True,2.1,False,False,True,-7.0,76,True
OPTICAL_BLINDING_ATTACK,0,Normal,Normal,False,,True,True,False,0.0,0,False
IMU_HARDWARE_FAULT,0,Normal,Normal,False,,True,True,False,0.0,0,False
NORMAL_DRIVING,1,Normal,Normal,False,,True,True,False,0.0,0,False
CARDIAC_SYNCOPE,1,Syncope,Syncope,True,3.2,False,False,True,-7.0,76,True
EPILEPTIC_SEIZURE,1,Seizure,Seizure,True,2.1,False,False,True,-7.0,76,True
OPTICAL_BLINDING_ATTACK,1,Normal,Normal,False,,True,True,False,0.0,0,False
IMU_HARDWARE_FAULT,1,Normal,Normal,False,,True,True,False,0.0,0,False
NORMAL_DRIVING,2,Normal,Normal,False,,True,True,False,0.0,0,False
CARDIAC_SYNCOPE,2,Syncope,Syncope,True,3.2,False,False,True,-7.0,76,True
EPILEPTIC_SEIZURE,2,Seizure,Seizure,True,2.1,False,False,True,-7.0,76,True
OPTICAL_BLINDING_ATTACK,2,Normal,Normal,False,,True,True,False,0.0,0,False
IMU_HARDWARE_FAULT,2,Normal,Normal,False,,True,True,False,0.0,0,False
NORMAL_DRIVING,3,Normal,Normal,False,,True,True,False,0.0,0,False
CARDIAC_SYNCOPE,3,Syncope,Syncope,True,3.2,False,False,True,-7.0,76,True
EPILEPTIC_SEIZURE,3,Seizure,Seizure,True,2.1,False,False,True,-7.0,76,True
OPTICAL_BLINDING_ATTACK,3,Normal,Normal,False,,True,True,False,0.0,0,False
IMU_HARDWARE_FAULT,3,Normal,Normal,False,,True,True,False,0.0,0,False
NORMAL_DRIVING,4,Normal,Normal,False,,True,True,False,0.0,0,False
CARDIAC_SYNCOPE,4,Syncope,Syncope,True,3.2,False,False,True,-7.0,76,True
EPILEPTIC_SEIZURE,4,Seizure,Seizure,True,2.1,False,False,True,-7.0,76,True
OPTICAL_BLINDING_ATTACK,4,Normal,Normal,False,,True,True,False,0.0,0,False
IMU_HARDWARE_FAULT,4,Normal,Normal,False,,True,True,False,0.0,0,False
NORMAL_DRIVING,5,Normal,Normal,False,,True,True,False,0.0,0,False
CARDIAC_SYNCOPE,5,Syncope,Syncope,True,3.2,False,False,True,-7.0,76,True
EPILEPTIC_SEIZURE,5,Seizure,Seizure,True,2.1,False,False,True,-7.0,76,True
OPTICAL_BLINDING_ATTACK,5,Normal,Normal,False,,True,True,False,0.0,0,False
IMU_HARDWARE_FAULT,5,Normal,Normal,False,,True,True,False,0.0,0,False
NORMAL_DRIVING,6,Normal,Normal,False,,True,True,False,0.0,0,False
CARDIAC_SYNCOPE,6,Syncope,Syncope,True,3.1,False,False,True,-7.0,76,True
EPILEPTIC_SEIZURE,6,Seizure,Seizure,True,2.1,False,False,True,-7.0,76,True
OPTICAL_BLINDING_ATTACK,6,Normal,Normal,False,,True,True,False,0.0,0,False
IMU_HARDWARE_FAULT,6,Normal,Normal,False,,True,True,False,0.0,0,False
NORMAL_DRIVING,7,Normal,Normal,False,,True,True,False,0.0,0,False
CARDIAC_SYNCOPE,7,Syncope,Syncope,True,3.1,False,False,True,-7.0,76,True
EPILEPTIC_SEIZURE,7,Seizure,Seizure,True,2.0,False,False,True,-7.0,76,True
OPTICAL_BLINDING_ATTACK,7,Normal,Normal,False,,True,True,False,0.0,0,False
IMU_HARDWARE_FAULT,7,Normal,Normal,False,,True,True,False,0.0,0,False
NORMAL_DRIVING,8,Normal,Normal,False,,True,True,False,0.0,0,False
CARDIAC_SYNCOPE,8,Syncope,Syncope,True,3.2,False,False,True,-7.0,76,True
EPILEPTIC_SEIZURE,8,Seizure,Seizure,True,2.1,False,False,True,-7.0,76,True
OPTICAL_BLINDING_ATTACK,8,Normal,Normal,False,,True,True,False,0.0,0,False
IMU_HARDWARE_FAULT,8,Normal,Normal,False,,True,True,False,0.0,0,False
NORMAL_DRIVING,9,Normal,Normal,False,,True,True,False,0.0,0,False
CARDIAC_SYNCOPE,9,Syncope,Syncope,True,3.2,False,False,True,-7.0,76,True
EPILEPTIC_SEIZURE,9,Seizure,Seizure,True,2.1,False,False,True,-7.0,76,True
OPTICAL_BLINDING_ATTACK,9,Normal,Normal,False,,True,True,False,0.0,0,False
IMU_HARDWARE_FAULT,9,Normal,Normal,False,,True,True,False,0.0,0,False
